{"stats":{"minecraft:mined":{"minecraft:deepslate_diamond_ore":9,"minecraft:crafting_table":3,"minecraft:granite":1,"minecraft:short_grass":2,"minecraft:grass_block":3,"minecraft:cobblestone":4,"minecraft:deepslate_gold_ore":5,"minecraft:diorite":7,"minecraft:furnace":3,"minecraft:iron_ore":36,"minecraft:coal_ore":19,"minecraft:oak_log":19,"minecraft:gravel":21,"minecraft:dirt":7,"minecraft:stone":99,"minecraft:oak_leaves":11,"minecraft:deepslate":12},"minecraft:dropped":{"minecraft:rail":1},"minecraft:crafted":{"minecraft:oak_planks":36,"minecraft:cooked_porkchop":1,"minecraft:crafting_table":2,"minecraft:wooden_pickaxe":1,"minecraft:iron_helmet":1,"minecraft:furnace":1,"minecraft:bucket":1,"minecraft:stone_axe":1,"minecraft:cooked_mutton":6,"minecraft:air":0,"minecraft:flint_and_steel":1,"minecraft:oak_boat":1,"minecraft:iron_boots":1,"minecraft:iron_chestplate":1,"minecraft:shield":1,"minecraft:iron_axe":1,"minecraft:stick":8,"minecraft:iron_ingot":34,"minecraft:iron_pickaxe":1,"minecraft:stone_pickaxe":1,"minecraft:iron_leggings":1},"minecraft:killed":{"minecraft:pig":1,"minecraft:skeleton":5,"minecraft:sheep":4,"minecraft:zombie":3},"minecraft:custom":{"minecraft:interact_with_furnace":18,"minecraft:mob_kills":13,"minecraft:interact_with_crafting_table":7,"minecraft:leave_game":1,"minecraft:time_since_death":39010,"minecraft:time_since_rest":39010,"minecraft:sprint_one_cm":131244,"minecraft:damage_taken":594,"minecraft:walk_one_cm":40444,"minecraft:damage_blocked_by_shield":302,"minecraft:drop":1,"minecraft:damage_dealt":2250,"minecraft:swim_one_cm":2860,"minecraft:fly_one_cm":97173,"minecraft:open_chest":3,"minecraft:crouch_one_cm":2256,"minecraft:play_time":39010,"minecraft:sneak_time":2728,"minecraft:walk_under_water_one_cm":457,"minecraft:jump":1207,"minecraft:walk_on_water_one_cm":8946,"minecraft:total_world_time":39010,"minecraft:fall_one_cm":23601},"minecraft:used":{"minecraft:cooked_mutton":6,"minecraft:water_bucket":37,"minecraft:stone_pickaxe":121,"minecraft:shield":8,"minecraft:wooden_pickaxe":29,"minecraft:rotten_flesh":9,"minecraft:dirt":8,"minecraft:crafting_table":3,"minecraft:iron_axe":19,"minecraft:bread":1,"minecraft:iron_pickaxe":48,"minecraft:iron_helmet":1,"minecraft:gravel":20,"minecraft:stone_axe":27,"minecraft:cobblestone":91,"minecraft:furnace":3,"minecraft:cooked_porkchop":1,"minecraft:bucket":38},"minecraft:picked_up":{"minecraft:crafting_table":2,"minecraft:flint":1,"minecraft:oak_log":19,"minecraft:gunpowder":1,"minecraft:dirt":11,"minecraft:bone":6,"minecraft:cobbled_deepslate":12,"minecraft:raw_gold":5,"minecraft:iron_ingot":2,"minecraft:furnace":3,"minecraft:stick":3,"minecraft:raw_iron":37,"minecraft:dripstone_block":2,"minecraft:gravel":20,"minecraft:porkchop":1,"minecraft:pointed_dripstone":1,"minecraft:diorite":7,"minecraft:arrow":8,"minecraft:rotten_flesh":3,"minecraft:diamond":9,"minecraft:granite":1,"minecraft:oak_sapling":7,"minecraft:mutton":6,"minecraft:coal":54,"minecraft:rail":1,"minecraft:white_wool":4,"minecraft:cobblestone":115}},"DataVersion":3953}