{"stats":{"minecraft:mined":{"minecraft:furnace":1,"minecraft:iron_ore":10,"minecraft:crafting_table":2,"minecraft:short_grass":2,"minecraft:oak_log":19,"minecraft:grass_block":3,"minecraft:coal_ore":19,"minecraft:gravel":1,"minecraft:dirt":4,"minecraft:stone":21,"minecraft:diorite":1,"minecraft:oak_leaves":11},"minecraft:crafted":{"minecraft:oak_boat":1,"minecraft:oak_planks":36,"minecraft:crafting_table":2,"minecraft:stick":8,"minecraft:iron_ingot":5,"minecraft:wooden_pickaxe":1,"minecraft:stone_pickaxe":1,"minecraft:furnace":1,"minecraft:bucket":1,"minecraft:stone_axe":1,"minecraft:cooked_mutton":6,"minecraft:air":0},"minecraft:killed":{"minecraft:sheep":4,"minecraft:pig":1},"minecraft:custom":{"minecraft:time_since_rest":15010,"minecraft:interact_with_furnace":8,"minecraft:sprint_one_cm":49192,"minecraft:damage_taken":187,"minecraft:walk_one_cm":18367,"minecraft:mob_kills":5,"minecraft:damage_dealt":464,"minecraft:swim_one_cm":2129,"minecraft:interact_with_crafting_table":3,"minecraft:fly_one_cm":35936,"minecraft:crouch_one_cm":689,"minecraft:play_time":15010,"minecraft:sneak_time":814,"minecraft:walk_under_water_one_cm":346,"minecraft:jump":395,"minecraft:leave_game":1,"minecraft:time_since_death":15010,"minecraft:walk_on_water_one_cm":3132,"minecraft:total_world_time":15010,"minecraft:fall_one_cm":8533},"minecraft:used":{"minecraft:cooked_mutton":4,"minecraft:water_bucket":7,"minecraft:stone_pickaxe":25,"minecraft:wooden_pickaxe":28,"minecraft:stone_axe":18,"minecraft:dirt":8,"minecraft:cobblestone":9,"minecraft:crafting_table":2,"minecraft:furnace":1,"minecraft:bucket":8},"minecraft:picked_up":{"minecraft:crafting_table":1,"minecraft:stick":3,"minecraft:raw_iron":10,"minecraft:gravel":1,"minecraft:porkchop":1,"minecraft:oak_log":19,"minecraft:diorite":1,"minecraft:gunpowder":1,"minecraft:dirt":8,"minecraft:oak_sapling":7,"minecraft:mutton":6,"minecraft:coal":29,"minecraft:white_wool":4,"minecraft:cobblestone":28,"minecraft:furnace":1}},"DataVersion":3953}