{"stats":{"minecraft:mined":{"minecraft:deepslate_diamond_ore":15,"minecraft:crafting_table":3,"minecraft:granite":10,"minecraft:short_grass":2,"minecraft:grass_block":3,"minecraft:cobblestone":4,"minecraft:deepslate_gold_ore":5,"minecraft:diorite":7,"minecraft:furnace":3,"minecraft:iron_ore":36,"minecraft:coal_ore":19,"minecraft:oak_log":19,"minecraft:gravel":21,"minecraft:dirt":10,"minecraft:stone":135,"minecraft:oak_leaves":11,"minecraft:deepslate":55},"minecraft:dropped":{"minecraft:rail":1},"minecraft:crafted":{"minecraft:oak_planks":36,"minecraft:cooked_porkchop":1,"minecraft:crafting_table":2,"minecraft:wooden_pickaxe":1,"minecraft:iron_helmet":1,"minecraft:furnace":1,"minecraft:bucket":1,"minecraft:stone_axe":1,"minecraft:cooked_mutton":6,"minecraft:air":0,"minecraft:flint_and_steel":1,"minecraft:oak_boat":1,"minecraft:iron_boots":1,"minecraft:iron_chestplate":1,"minecraft:shield":1,"minecraft:iron_axe":1,"minecraft:stick":8,"minecraft:iron_ingot":34,"minecraft:iron_pickaxe":1,"minecraft:stone_pickaxe":1,"minecraft:iron_leggings":1},"minecraft:killed":{"minecraft:pig":1,"minecraft:skeleton":8,"minecraft:sheep":8,"minecraft:zombie":4},"minecraft:custom":{"minecraft:interact_with_furnace":18,"minecraft:mob_kills":21,"minecraft:interact_with_crafting_table":7,"minecraft:leave_game":2,"minecraft:time_since_death":3899,"minecraft:time_since_rest":4007,"minecraft:sprint_one_cm":209641,"minecraft:damage_taken":847,"minecraft:walk_one_cm":48317,"minecraft:damage_blocked_by_shield":747,"minecraft:drop":1,"minecraft:damage_dealt":3391,"minecraft:swim_one_cm":2860,"minecraft:fly_one_cm":179158,"minecraft:open_chest":3,"minecraft:crouch_one_cm":2512,"minecraft:play_time":55826,"minecraft:deaths":1,"minecraft:sneak_time":3207,"minecraft:walk_under_water_one_cm":457,"minecraft:jump":1870,"minecraft:walk_on_water_one_cm":11697,"minecraft:total_world_time":55826,"minecraft:fall_one_cm":38089},"minecraft:used":{"minecraft:cooked_mutton":6,"minecraft:water_bucket":42,"minecraft:stone_pickaxe":121,"minecraft:shield":29,"minecraft:wooden_pickaxe":29,"minecraft:rotten_flesh":10,"minecraft:dirt":14,"minecraft:crafting_table":3,"minecraft:granite":6,"minecraft:iron_axe":34,"minecraft:bread":1,"minecraft:iron_pickaxe":145,"minecraft:iron_helmet":2,"minecraft:gravel":20,"minecraft:stone_axe":27,"minecraft:cobblestone":137,"minecraft:furnace":3,"minecraft:cooked_porkchop":1,"minecraft:bucket":43,"minecraft:cobbled_deepslate":55},"minecraft:killed_by":{"minecraft:zombie":1},"minecraft:picked_up":{"minecraft:iron_chestplate":1,"minecraft:crafting_table":3,"minecraft:water_bucket":1,"minecraft:flint":1,"minecraft:oak_log":29,"minecraft:shield":1,"minecraft:gunpowder":17,"minecraft:string":5,"minecraft:music_disc_cat":1,"minecraft:dirt":14,"minecraft:iron_axe":1,"minecraft:flint_and_steel":1,"minecraft:iron_leggings":1,"minecraft:bone":26,"minecraft:bow":2,"minecraft:cobbled_deepslate":55,"minecraft:raw_gold":10,"minecraft:iron_ingot":3,"minecraft:stone_pickaxe":1,"minecraft:oak_boat":1,"minecraft:iron_pickaxe":1,"minecraft:oak_planks":10,"minecraft:iron_boots":1,"minecraft:furnace":4,"minecraft:stick":4,"minecraft:raw_iron":38,"minecraft:music_disc_13":1,"minecraft:dripstone_block":4,"minecraft:gravel":20,"minecraft:porkchop":1,"minecraft:pointed_dripstone":2,"minecraft:diorite":14,"minecraft:arrow":24,"minecraft:rotten_flesh":4,"minecraft:diamond":28,"minecraft:stone_axe":1,"minecraft:iron_helmet":1,"minecraft:granite":20,"minecraft:oak_sapling":14,"minecraft:mutton":18,"minecraft:coal":66,"minecraft:rail":1,"minecraft:white_wool":16,"minecraft:cobblestone":151}},"DataVersion":3953}