{"stats":{"minecraft:mined":{"minecraft:furnace":2,"minecraft:iron_ore":36,"minecraft:crafting_table":3,"minecraft:granite":1,"minecraft:short_grass":2,"minecraft:oak_log":19,"minecraft:grass_block":3,"minecraft:coal_ore":19,"minecraft:gravel":21,"minecraft:dirt":7,"minecraft:cobblestone":4,"minecraft:stone":91,"minecraft:diorite":7,"minecraft:oak_leaves":11},"minecraft:crafted":{"minecraft:oak_boat":1,"minecraft:oak_planks":36,"minecraft:iron_boots":1,"minecraft:iron_chestplate":1,"minecraft:shield":1,"minecraft:iron_axe":1,"minecraft:crafting_table":2,"minecraft:stick":8,"minecraft:iron_helmet":1,"minecraft:iron_pickaxe":1,"minecraft:iron_ingot":34,"minecraft:wooden_pickaxe":1,"minecraft:stone_pickaxe":1,"minecraft:iron_leggings":1,"minecraft:furnace":1,"minecraft:bucket":1,"minecraft:stone_axe":1,"minecraft:cooked_mutton":6,"minecraft:air":0,"minecraft:flint_and_steel":1},"minecraft:killed":{"minecraft:sheep":4,"minecraft:zombie":1,"minecraft:pig":1},"minecraft:custom":{"minecraft:time_since_rest":27010,"minecraft:interact_with_furnace":15,"minecraft:sprint_one_cm":78799,"minecraft:damage_taken":417,"minecraft:walk_one_cm":28752,"minecraft:mob_kills":6,"minecraft:damage_dealt":919,"minecraft:swim_one_cm":2636,"minecraft:interact_with_crafting_table":7,"minecraft:fly_one_cm":58766,"minecraft:open_chest":3,"minecraft:crouch_one_cm":1461,"minecraft:play_time":27010,"minecraft:sneak_time":1828,"minecraft:walk_under_water_one_cm":444,"minecraft:jump":792,"minecraft:leave_game":1,"minecraft:time_since_death":27010,"minecraft:walk_on_water_one_cm":4374,"minecraft:total_world_time":27010,"minecraft:fall_one_cm":12428},"minecraft:used":{"minecraft:cooked_mutton":6,"minecraft:water_bucket":20,"minecraft:iron_axe":1,"minecraft:bread":1,"minecraft:stone_pickaxe":104,"minecraft:iron_pickaxe":30,"minecraft:iron_helmet":1,"minecraft:wooden_pickaxe":29,"minecraft:gravel":20,"minecraft:stone_axe":27,"minecraft:dirt":8,"minecraft:cobblestone":17,"minecraft:crafting_table":3,"minecraft:furnace":2,"minecraft:bucket":21},"minecraft:picked_up":{"minecraft:crafting_table":2,"minecraft:stick":3,"minecraft:raw_iron":37,"minecraft:gravel":20,"minecraft:porkchop":1,"minecraft:flint":1,"minecraft:oak_log":19,"minecraft:diorite":7,"minecraft:gunpowder":1,"minecraft:dirt":11,"minecraft:iron_ingot":2,"minecraft:granite":1,"minecraft:oak_sapling":7,"minecraft:mutton":6,"minecraft:coal":42,"minecraft:white_wool":4,"minecraft:cobblestone":102,"minecraft:furnace":2}},"DataVersion":3953}